{
  "color": {
    "chrome-surface": {
      "light": {
        "r": 1,
        "g": 1,
        "b": 1,
        "a": 1
      },
      "dark": {
        "r": 0.10951207057580714,
        "g": 0.09798768012353237,
        "b": 0.09030699498911524,
        "a": 1
      }
    },
    "chrome-surface-hover": {
      "light": {
        "r": 0.9608630861664548,
        "g": 0.960863455722616,
        "b": 0.9579018561508262,
        "a": 1
      },
      "dark": {
        "r": 0.16162397505748374,
        "g": 0.1441947918320332,
        "b": 0.13983765564387862,
        "a": 1
      }
    },
    "chrome-active": {
      "light": {
        "r": 0.9608630861664548,
        "g": 0.960863455722616,
        "b": 0.9579018561508262,
        "a": 1
      },
      "dark": {
        "r": 0.16162397505748374,
        "g": 0.1441947918320332,
        "b": 0.13983765564387862,
        "a": 1
      }
    },
    "chrome-border": {
      "light": {
        "r": 0.9067104284114347,
        "g": 0.8975317470031261,
        "b": 0.8929412664587454,
        "a": 1
      },
      "dark": {
        "r": 0.2684879734527337,
        "g": 0.2504235021060844,
        "b": 0.2323311942980948,
        "a": 1
      }
    },
    "chrome-border-emphasis": {
      "light": {
        "r": 0.8411658168922249,
        "g": 0.8275092269394144,
        "b": 0.8184011122745035,
        "a": 1
      },
      "dark": {
        "r": 0.3426504714615103,
        "g": 0.3246754252193408,
        "b": 0.3021830556172036,
        "a": 1
      }
    },
    "chrome-muted": {
      "light": {
        "r": 0.9608630861664548,
        "g": 0.960863455722616,
        "b": 0.9579018561508262,
        "a": 1
      },
      "dark": {
        "r": 0.16162397505748374,
        "g": 0.1441947918320332,
        "b": 0.13983765564387862,
        "a": 1
      }
    },
    "chrome-muted-hover": {
      "light": {
        "r": 0.9067104284114347,
        "g": 0.8975317470031261,
        "b": 0.8929412664587454,
        "a": 1
      },
      "dark": {
        "r": 0.2684879734527337,
        "g": 0.2504235021060844,
        "b": 0.2323311942980948,
        "a": 1
      }
    },
    "chrome-text-primary": {
      "light": {
        "r": 0.10951207057580714,
        "g": 0.09798768012353237,
        "b": 0.09030699498911524,
        "a": 1
      },
      "dark": {
        "r": 0.9805331813597379,
        "g": 0.9805335062292134,
        "b": 0.9775605364885184,
        "a": 1
      }
    },
    "chrome-text-secondary": {
      "light": {
        "r": 0.3426504714615103,
        "g": 0.3246754252193408,
        "b": 0.3021830556172036,
        "a": 1
      },
      "dark": {
        "r": 0.9067104284114347,
        "g": 0.8975317470031261,
        "b": 0.8929412664587454,
        "a": 1
      }
    },
    "chrome-text-muted": {
      "light": {
        "r": 0.4727141790875173,
        "g": 0.4420021517775611,
        "b": 0.4200373006027184,
        "a": 1
      },
      "dark": {
        "r": 0.8411658168922249,
        "g": 0.8275092269394144,
        "b": 0.8184011122745035,
        "a": 1
      }
    },
    "canvas-surface": {
      "light": {
        "r": 0.9605869869200186,
        "g": 0.9605869869200184,
        "b": 0.9605869869200186,
        "a": 1
      },
      "dark": {
        "r": 0.04695921239450527,
        "g": 0.039356111711251834,
        "b": 0.03554448401415077,
        "a": 1
      }
    },
    "canvas-muted": {
      "light": {
        "r": 0.8981606635856448,
        "g": 0.8981606635856446,
        "b": 0.8981606635856447,
        "a": 1
      },
      "dark": {
        "r": 0.10951207057580714,
        "g": 0.09798768012353237,
        "b": 0.09030699498911524,
        "a": 1
      }
    },
    "canvas-border": {
      "light": {
        "r": 0.8981606635856448,
        "g": 0.8981606635856446,
        "b": 0.8981606635856447,
        "a": 1
      },
      "dark": {
        "r": 0.16162397505748374,
        "g": 0.1441947918320332,
        "b": 0.13983765564387862,
        "a": 1
      }
    },
    "canvas-text-primary": {
      "light": {
        "r": 0.09052740524946687,
        "g": 0.09052740524946681,
        "b": 0.09052740524946684,
        "a": 1
      },
      "dark": {
        "r": 0.9608630861664548,
        "g": 0.960863455722616,
        "b": 0.9579018561508262,
        "a": 1
      }
    },
    "canvas-text-secondary": {
      "light": {
        "r": 0.32199284689943675,
        "g": 0.32199284689943664,
        "b": 0.32199284689943664,
        "a": 1
      },
      "dark": {
        "r": 0.6521305635454824,
        "g": 0.6262227267183842,
        "b": 0.6089382265532824,
        "a": 1
      }
    },
    "canvas-text-muted": {
      "light": {
        "r": 0.4515192429625185,
        "g": 0.4515192429625184,
        "b": 0.4515192429625185,
        "a": 1
      },
      "dark": {
        "r": 0.4727141790875173,
        "g": 0.4420021517775611,
        "b": 0.4200373006027184,
        "a": 1
      }
    },
    "editorial-surface": {
      "light": {
        "r": 0.9802559798510232,
        "g": 0.9802559798510232,
        "b": 0.9802559798510232,
        "a": 1
      },
      "dark": {
        "r": 0.10951207057580714,
        "g": 0.09798768012353237,
        "b": 0.09030699498911524,
        "a": 1
      }
    },
    "editorial-text-primary": {
      "light": {
        "r": 0.14938207763559952,
        "g": 0.14938207763559952,
        "b": 0.14938207763559952,
        "a": 1
      },
      "dark": {
        "r": 0.9067104284114347,
        "g": 0.8975317470031261,
        "b": 0.8929412664587454,
        "a": 1
      }
    },
    "editorial-text-secondary": {
      "light": {
        "r": 0.4515192429625185,
        "g": 0.4515192429625184,
        "b": 0.4515192429625185,
        "a": 1
      },
      "dark": {
        "r": 0.6521305635454824,
        "g": 0.6262227267183842,
        "b": 0.6089382265532824,
        "a": 1
      }
    },
    "accent-default": {
      "light": {
        "r": 0,
        "g": 0.7387891415713295,
        "b": 0.48928084904728647,
        "a": 1
      },
      "dark": {
        "r": 0,
        "g": 0.8325921467227018,
        "b": 0.5723413430991998,
        "a": 1
      }
    },
    "accent-active": {
      "light": {
        "r": 0.9243212973797685,
        "g": 0.9920315603966113,
        "b": 0.9601800285455676,
        "a": 1
      },
      "dark": {
        "r": 0,
        "g": 0.1736480983342485,
        "b": 0.1327839750109612,
        "a": 1
      }
    },
    "accent-subtle": {
      "light": {
        "r": 0.8159214762816573,
        "g": 0.9808685466914205,
        "b": 0.8965166062525964,
        "a": 1
      },
      "dark": {
        "r": 0,
        "g": 0.478219549232581,
        "b": 0.33354667736418636,
        "a": 1
      }
    },
    "accent-border": {
      "light": {
        "r": 0.6444914835461671,
        "g": 0.95581219393809,
        "b": 0.8133241244185571,
        "a": 1
      },
      "dark": {
        "r": 0,
        "g": 0.3777278653241995,
        "b": 0.27057657519791706,
        "a": 1
      }
    },
    "accent-text": {
      "light": {
        "r": 0,
        "g": 0.478219549232581,
        "b": 0.33354667736418636,
        "a": 1
      },
      "dark": {
        "r": 0.3698525275737131,
        "g": 0.9150905511132278,
        "b": 0.7087672821381557,
        "a": 1
      }
    },
    "secondary-default": {
      "light": {
        "r": 0.5559262801505184,
        "g": 0.3181637760329297,
        "b": 1,
        "a": 1
      },
      "dark": {
        "r": 0.6526055482928627,
        "g": 0.5169347069554402,
        "b": 1,
        "a": 1
      }
    },
    "secondary-subtle": {
      "light": {
        "r": 0.9290421500859999,
        "g": 0.913008154812957,
        "b": 0.997068380188375,
        "a": 1
      },
      "dark": {
        "r": 0.3653835270009412,
        "g": 0.05553910583587158,
        "b": 0.7533062777024282,
        "a": 1
      }
    },